{
	"LK": "Lucky Jackpot",
	"GJ": "Grand2 Jackpot",
	"WW": "WorldWonderNew Jackpot", 
	"WOW": "Progressive Jackpot",
	"Holy": "Holy Jackpot",
	"ADV": "Adventure Jackpot",
	"CJ": "War2 Jackpot",
	"LJ": "Luxury Jackpot",

	"NEW": "NEW",
	"TOP": "TOP",
	"FEATURED": "FEATURED",
	"PROGRESSIVE": "PROGRESSIVE",
	"SLOT": "SLOT",
	"TABLE": "TABLE",
	"ARCADE": "ARCADE",	
	"FAVORITE": "FAVORITE",
	"ALL": "ALL",

	"BALANCE": "Balances&nbsp;:&nbsp;",
	"FUNDS": "FUNDS",

	"CHECKING_FILE": "Checking the file versions...",
	"UPDATE": "Upgrade Reminder",
	"UPDATE_INTRO": "The new MERCHANTNAME Gaming client is ready, this version need to download and install.",
	"UPDATE_CONTENT": "Update content:",
	"UPDATE_INFO1": "1.Fix some issue",
	"UPDATE_INFO2": "2.Optimization part of the user experience",
	"CONFIRM": "Confirm",
	"CANCEL": "Cancel",
	"SIGN": "Sign In",
	"REMEMBER": "Remember me",
	"USERNAME": "Username",
	"PASSWORD": "Password",
	"VERSION": "ver",
	"LOADING": "Progress ",
	"MSG_USENAME_PSW_INVALID" : "Username Or Password Can Not be Empty!",	
	"english": "english",
	"chinese": "chinese",

    "RES_0":"Success!",
    "RES_1":"System Error!",
    "RES_3":"Service Error!",
    "RES_5":"Need Login!",
    "RES_7":"Session Expired!",
    "RES_106":"Invalid Parameters!",
    "RES_11101":"Insufficient Balance!",
    "RES_11103":"Bet Type Temporary Suspend!",
    "RES_10103":"The user does not exist!",
	"RES_10104": "Invalid Username or Password!",    
    "RES_11108":"Bet Request Invalid!",
    "RES_1110801":"Maximum Bet Reached!",
    "RES_1110802":"Invalid Request!",
    "RES_1110803":"Bet Request Invalid Total Bet!",
    "RES_12001":"Bet Setting Incomplete!",
    "RES_50110":"Insufficient Balance!",
    "RES_50111":"Exceed Max Amount!",
    "RES_50112":"Currency Invalid!",
    "RES_50113":"Amount Invalid!",
    "MSG_ONLINE": "The Current Network is Offline!", 
    "MES_COMFIRM_QUIT": "Confirm Exit Games?",
    "CONFIRM_LOGOUT": "Confirm Logout?",
    "RISING": "RISING",
    "KICKOUT": "User has been kick out!",

	"S-SA02": "Spins Stone",			
	"S-FB02": "World Cup",				
	"S-MH02": "Magic Hammer",			
	"S-TS02": "The Song",			
	"S-BF02": "Big Foot",			
	"S-FZ02": "Zombies",				
	"S-MP02": "Monster",				
	"S-RG02": "Rising Gems",			
	"S-DX01": "Dafu Xiaofu",			
	"S-DV01": "Daddys Vacation",			
	"S-RK01": "Railway King",			
	"S-CC01": "Master Chef",			
	"S-LS01": "Lucky Strike",			
	"S-CY01": "Cai Yuan Guang Jin",		
	"S-BB01": "Festive Lion",			
	"S-SG02": "Santa Gift",			
	"S-LM01": "Lucky Meow",			
	"S-HH01": "Honey Hunter",			
	"S-LC01": "Lucky Cai Shen",			
	"S-SK01": "Safari King",			
	"S-LY01": "FaFaFa",				


	"S-CM01": "Drunken Jungle",			
	"S-LH02": "Lion Heart",			
	"S-EG02": "Emperor Gate",			
	"S-SP02": "Spartan",				
	"S-SG03": "Shougen",				
	"S-FC02": "Big Prosperity",			
	"S-DG03": "Dragon Gold",			
	"S-WM02": "5 Fortune",			
	"S-GS03": "Great Stars",			
	"S-WC02": "Wong Choy",			
	"S-GC02": "Great China",			
	"S-AT02": "Amazing Thailand",		
	"S-JF02": "Japan Fortune",			
	"S-LI02": "Lava Island",			
	"S-HL01": "Lucky Tank",			
	"S-PT01": "Hua Mu Lan",			
	"S-GG01": "Aqua Cash",
	"S-TP01": "The Paradise",
	"S-JT01": "Jack The Pirates",
	"S-GW01": "Golden Whale",

	"A-AP01": "Animal Paradise",			
	"A-JW01": "Journey To The West",		
	"A-LB01": "Luck Baby",			
	"A-JB01": "Jack Or Better",			
	"A-TB01": "Ten Or Better",			
	"A-JP01": "Joker Poker",			

	"T-BC01": "Baccarat",			
	"T-CP01": "Carribbean Poker",					
	"T-BJ01": "Black Jack",			
	"T-DT01": "Dragon Tiger",			
	"T-CH01": "Cup Of Hope",			
	"T-HC01": "Hulu Cock",		
	"T-BK01": "Belangkai",			
	"T-SD01": "SeDie",				
	"T-SB01": "Sic Bo",				
	"T-RT01": "Rulette",				

	"A-DN01": "Derby Night",			
	"A-MT01": "Monkey thunder",			
	"T-SP01": "Stone Scissors Paper",		
			
	"A-DE01": "Derby EXPRESS",			 
	"A-DB02": "Bike Racer",			 
	"A-DB01": "Dirt Bike",			
	"A-DD01": "Dog Racing",			

	"T-SD02": "Sic Bo Sexy",			
	"T-DT02": "Dragon Tiger Sexy",		
	"A-DB03": "Dragon Boat",			
	"A-SC01": "Scatch Dragon Clan",		
	"A-SH01": "Shinobi hamster",			
	"A-PF01": "Pin Ball",			
	"A-GL01": "Goblin",				
	"A-RW01": "Richie Wheel",			
	"A-PB04": "Pirate Jack Or Better 4",		
	"A-PB10": "Pirate Jack Or Better 10",			
	"A-PB25": "Pirate Jack Or Better 25",
	"A-PB50": "Pirate Jack Or Better 50",	
	"A-PA04": "Face The Ace 4",			
	"A-PA10": "Face The Ace 10",			
	"A-PA25": "Face The Ace 25",			
	"A-PA50": "Face The Ace 50",			

	"A-TZ01": "Tarzan",				

    "T-SD01": "Sedie",
    "T-RT01": "Roulette",
    "T-SB01": "Sic bo",

    "S-AL01": "Alibaba",
 	"S-DF01": "Double Fortune",
	"S-GO01": "God Of Cookery",
 	"S-SM01": "Soccer Mania",
  	"S-LK01": "Lucky Koi",
    "S-LE02": "Adventure Lion Emperor",
	"S-IL02": "Adventure Iceland",
	"S-IM02": "Adventure Indian Myth",
	"S-SM02": "Space Monkey",
	"S-FD01": "5 Fortune Dragon",
	"S-CS01": "caishen888",
	"S-BB02": "Bonus Bear",
    "S-CK01": "Chinese Kitchen",
    "S-CR01": "Crazy 7",
    "S-CT01": "Captain Treasure",
    "S-FM01": "Funky Monkey",
    "S-GB01": "Great Blue",
    "S-GT01": "Golden Tour",
    "S-HK01": "Highway King",
    "S-SS01": "Santa Surprise",
    "S-ZC01": "Zhao Cai Jin Bao",
    "S-LB02": "Lucky Babay",
    "S-LB03": "Lucky Babay Multi",
    "S-JW02": "Magic Journey",
    "S-JW03": "Magic Journey Multi",
	 "A-JW02": "Magic Journey",
    "A-JW03": "Magic Journey Multi",
     "S-LH03": "Lion Heart SA",
     "S-SP03": "Spartan SA",
     "S-SG04": "Shougen SA",
     "S-EG03": "Emperor Gate SA",
     "S-DG04": "Dragon Gold SA",
     "S-FC03": "Big Prosperity SA",
     "S-WM03": "5 Fortune SA",
     "S-GS04": "Great Star SA",
     "S-WC03": "Wong Choy SA",
     "S-IL03": "Iceland SA",
     "S-IM03": "Indian Myth SA",
     "S-LE03": "Lion Emperor SA",
	 "S-MR01": "Mermaid",
    "S-UL01": "Ultimate",
    "S-PH02": "King Pharoah",
    "S-FO01": "168 Fortunes",
    "S-PO01": "Pocket Mon",
    "S-GL01": "Golden Lotus",
    "S-GL02": "Golden Lotus SE",
    "S-BC01": "Baby Caishen",
    "S-WP01": "Wong Po",
	"S-HF01": "Highway Fortune",
    "S-PK01": "Pirate King",
    "S-GP02": "Golf Champion",
    "S-LF01": "Lucky Feng Shui",
	"S-GC03": "Golden Chicken",
	"S-ZE01": "Zeus",
  	"CHANGEPWDTITLE":"CREATE A NEW PASSWORD",
  	"CURRPWDLABEL":"Current Password",
	"CURRPWD":"Input Current Passworld",
	"NEWPWDLABEL":"New Password",
	"NEWPWD":"Input New Passworld",
	"CONFIRMPWDLABEL":"Confirm New Password",
	"CONFIRMPWD":"Confirm New Passworld",
	"CHANGEOK":"RESET",
	"CHANGECANCEL":"Cancel",
	"NOEMPTY":"form do not allow empty item and Minimum length of three",
	"NOTEQUAL":"passwords don't match",
	"CHANGESUCCESS":"update password success",
  	"OLDWRONG":"The old password mistake",
	"OPER_TITLE":"SETTING",
	"OPER_SOUND":"Sound",
	"OPER_LOGINOUT":"Log out",
	"OPER_CHANGPWD":"Change Password"
}