{
	"LK": "金马奖",
	"GJ": "寿星积宝",
	"WW": "世界奇幻积宝", 
	"WOW": "华丽积宝",
	"Holy": "神圣积宝",
	"ADV": "冒险积宝",
	"CJ": "翡翠积宝",
	"LJ": "豪华积宝",

	"NEW": "新游戏",
	"TOP": "热门游戏",
	"FEATURED": "特色游戏",
	"PROGRESSIVE": "积宝游戏",
	"SLOT": "老虎机",
	"TABLE": "桌游",
	"ARCADE": "卡牌",	
	"FAVORITE": "我的收藏",
	"ALL": "所有游戏",

	"BALANCE": "余额&nbsp;:&nbsp;",
	"FUNDS": "充值",

	"CHECKING_FILE": "检查文件版本中...",
	"UPDATE": "升级提醒",
	"UPDATE_INTRO": "全新的MERCHANTNAME Gaming客户端已经准备完毕，此版本需要重新下载和安装。",
	"UPDATE_CONTENT": "更新内容：",
	"UPDATE_INFO1": "1. 修复部分问题",
	"UPDATE_INFO2": "2. 优化部分用户体验",
	"CONFIRM": "确定",
	"CANCEL": "取消",
	"SIGN": "登录",
	"REMEMBER": "记住密码",
	"USERNAME": "用户名",
	"PASSWORD": "密码",
	"VERSION": "版本",
	"LOADING": "加载中 ",
	"MSG_USENAME_PSW_INVALID" : "用户名或密码不能为空！",
	"english": "&nbsp;&nbsp;&nbsp;英文",
	"chinese": "&nbsp;&nbsp;&nbsp;中文",		

	"RES_0":"成功!",
	"RES_1":"系统错误,请刷新并重试!",
	"RES_3":"服务失败!",
	"RES_5":"需要登录!",
	"RES_7":"登录期限已经过期!",
	"RES_106":"参数不合法!",
	"RES_11101":"余额不足!",
	"RES_11103":"该玩法暂不支持!",
    "RES_10103":"该用户不存在!",
	"RES_10104": "用户名或密码错误!",
	"RES_11108":"下注请求不合法!",
	"RES_1110801":"达到最大下注额!",
	"RES_1110802":"无效的请求!",
	"RES_1110803":"下注总额有误!",
	"RES_12001":"设定配置不完整!",
	"RES_50110":"余额不足!",
	"RES_50111":"超出最大转账金额!",
	"RES_50112":"货币错误!",
	"RES_50113":"输入金额错误!",
    "MSG_ONLINE": "当前网络离线!",
    "MES_COMFIRM_QUIT": "确认退出游戏？",
    "CONFIRM_LOGOUT": "确认退出登录？",
    "RISING": "游戏名称",
    "KICKOUT": "您已经被系统踢出!",

    "S-SA02": "石器时代",			
	"S-FB02": "金靴世界杯",				
	"S-MH02": "神锤魔咒",			
	"S-TS02": "中国好歌声",			
	"S-BF02": "大脚先生",			
	"S-FZ02": "父女战僵尸",				
	"S-MP02": "下水道小怪兽",				
	"S-RG02": "魔幻宝石",			
	"S-DX01": "大福小福",			
	"S-DV01": "爸爸飞哪儿",			
	"S-RK01": "铁路王",			
	"S-CC01": "至尊厨师",			
	"S-LS01": "马上赢",			
	"S-CY01": "财源广进",		
	"S-BB01": "金狮拜年",			
	"S-SG02": "圣诞大礼",			
	"S-LM01": "超吉猫",			
	"S-HH01": "熊之蜜",			
	"S-LC01": "天降财神",			
	"S-SK01": "野生动物园",			
	"S-LY01": "发发发",	


	"S-CM01": "森林狂欢季",			
	"S-LH02": "狮心王",			
	"S-EG02": "斩五门",			
	"S-SP02": "斯巴达",				
	"S-SG03": "将军令",				
	"S-FC02": "发大财",			
	"S-DG03": "金龙赐福",			
	"S-WM02": "五福门",			
	"S-GS03": "吉星",			
	"S-WC02": "旺财",			
	"S-GC02": "中华之最",			
	"S-AT02": "泰国神游",		
	"S-JF02": "日本福气",			
	"S-LI02": "冒险火岛",			
	"S-HL01": "幸运坦克",			
	"S-PT01": "花木兰",			
	"S-GG01": "如鱼得水",
	"S-TP01": "乐天堂",
	"S-JT01": "杰克海盗",
	"S-GW01": "黄金黥鱼",

	"A-AP01": "动物奇园",			
	"A-JW01": "仙桃演义",		
	"A-LB01": "幸运宝贝",
	"A-JB01": "最佳杰克",
	"A-TB01": "10 或最佳",
	"A-JP01": "小丑扑克",

	"T-BC01": "百家乐",	
	"T-CP01": "加勒比扑克",	
	"T-BJ01": "黑杰克",	
	"T-DT01": "龙虎",
	"T-CH01": "福杯",
	"T-HC01": "葫芦鹤",	
	"T-BK01": "虾、鱼、花、蟹",	
	"T-SD01": "色碟",
	"T-SB01": "骰宝",				
	"T-RT01": "轮盘",				

	"A-DN01": "德比夜赛",
	"A-MT01": "霹雳神猴",
	"T-SP01": "石头剪刀布",		

	"A-DE01": "德比直通",			 
	"A-DB02": "职业赛单车",
	"A-DB01": "越野赛车",			
	"A-DD01": "极速赛狗",			

	"T-SD02": "骰宝之封神妲己",	
	"T-DT02": "龙虎之仙女下凡",		
	"A-DB03": "三国龙舟战",			
	"A-SC01": "龙会",		
	"A-SH01": "仓鼠忍者",			
	"A-PF01": "弹球致富",			
	"A-GL01": "积宝小精灵",	
	"A-RW01": "至尊轮盘",			
	"A-PB04": "海盗之双J至尊4",		
	"A-PB10": "海盗之双J至尊10",			
	"A-PB25": "海盗之双J至尊25",
	"A-PB50": "海盗之双J至尊50",	
	"A-PA04": "海盗之A与花牌4",			
	"A-PA10": "海盗之A与花牌10",			
	"A-PA25": "海盗之A与花牌25",			
	"A-PA50": "海盗之A与花牌50",			

	"A-TZ01": "泰山",				

	"T-SD01": "骰碟",
    "T-RT01": "欧式轮盘",
    "T-SB01": "骰宝",

    "S-AL01": "阿里巴巴",
 	"S-DF01": "青龙白虎",
	"S-GO01": "食神",
 	"S-SM01": "疯狂足球",
  	"S-LK01": "运财鲤鱼",
    "S-LE02": "狮子王",
	"S-IL02": "冰雪世界",
	"S-IM02": "印度神话",
	"S-SM02": "太空神猴",
	"S-FD01": "五龙吐珠",
	"S-CS01": "财神888",
	"S-BB02": "熊之舞",
    "S-CK01": "中国厨房",
    "S-CR01": "疯狂7",
    "S-CT01": "船长的宝藏",
    "S-FM01": "疯狂的猴子",
    "S-GB01": "伟大的蓝",
    "S-GT01": "黄金旅途",
    "S-HK01": "高速之王",
    "S-SS01": "圣诞惊喜",
    "S-ZC01": "招财进宝",
    "S-LB02": "幸运宝贝",
    "S-LB03": "幸运宝贝多人版",
    "S-JW02": "四色仙桃",
    "S-JW03": "四色仙桃多人版",
	 "S-LH03":"狮心王 SA",
    "S-SP03":"斯巴达 SA",
    "S-SG04":"将军令 SA",
    "S-EG03":"斩五门 SA",
    "S-DG04":"金龙赐福 SA",
    "S-FC03":"发大财 SA",
    "S-WM03":"五福门 SA",
    "S-WC03":"旺财 SA",
    "S-GS04":"吉星 SA",
    "S-IL03": "冰雪世界 SA",
    "S-IM03": "印度神话 SA",
    "S-LE03": "狮子王 SA",
	 "S-MR01": "美人鱼",
    "S-UL01": "超特霸",
    "S-PH02": "法老王",
    "S-FO01": "一路发发发",
    "S-PO01": "精灵宝贝",
    "S-GL01": "潘金莲",
    "S-GL02": "潘金莲特别版",
    "S-BC01": "财神宝宝",
    "S-WP01": "旺宝",
	 "S-HF01": "极速王者",
    "S-PK01": "海盗霸王",
    "S-GP02": "冠军高尔夫",
    "S-LF01": "风山水起",
	"S-GC03": "金鸡",
	"S-ZE01": "通天雷神",
  	"CHANGEPWDTITLE":"创建一个新密码",
	"CURRPWDLABEL":"当前密码",
	"CURRPWD":"输入密码",
	"NEWPWDLABEL":"新密码",
	"NEWPWD":"输入新密码",
	"CONFIRMPWDLABEL":"确认密码",
	"CONFIRMPWD":"确认新密码",
	"CHANGEOK":"确定",
	"CHANGECANCEL":"取消",
  	"NOEMPTY":"表单不允许有空项且最小长度为三",
	"NOTEQUAL":"两次密码不一致",
	"CHANGESUCCESS":"密码修改成功",
  	"OLDWRONG":"旧密码错误",
  	"OPER_TITLE":"设置",
	"OPER_SOUND":"声音",
	"OPER_LOGINOUT":"退出",
	"OPER_CHANGPWD":"修改密码"

}